Id,Expected
3793,acoustic
5701,acoustic
2721,electronic
4079,rock
479,electronic
1706,acoustic
5941,classical
1210,classical
973,acoustic
2362,electronic
791,electronic
2250,jazz
1676,hip-hop
1956,hip-hop
1337,electronic
5526,rock
2467,acoustic
1105,electronic
1803,rock
815,hip-hop
4034,rock
1156,classical
3529,electronic
5368,classical
1729,acoustic
5590,hip-hop
2457,hip-hop
3181,acoustic
5003,classical
3902,classical
708,hip-hop
2138,acoustic
4769,electronic
3063,jazz
2670,acoustic
2212,classical
2750,rock
1009,hip-hop
5806,hip-hop
4393,rock
5617,rock
110,hip-hop
4591,rock
4688,classical
5751,classical
905,hip-hop
290,electronic
4355,acoustic
1670,jazz
1516,electronic
4136,jazz
4053,acoustic
5152,acoustic
5626,classical
4937,rock
804,acoustic
933,rock
4012,hip-hop
2088,classical
5603,acoustic
4716,acoustic
3100,classical
5501,hip-hop
5899,hip-hop
2133,rock
2425,jazz
850,hip-hop
3812,electronic
3029,hip-hop
2693,electronic
173,hip-hop
3875,hip-hop
3560,hip-hop
15,electronic
797,rock
713,classical
720,classical
669,acoustic
4411,electronic
4260,acoustic
1225,acoustic
1455,acoustic
5120,electronic
1072,rock
3528,jazz
3591,jazz
5660,rock
3977,classical
371,rock
3096,hip-hop
1422,acoustic
4604,rock
2707,electronic
4807,acoustic
3465,hip-hop
2193,electronic
1383,rock
4539,jazz
1222,hip-hop
5195,rock
2464,hip-hop
2567,acoustic
2153,acoustic
2606,jazz
2113,rock
5235,jazz
2535,classical
2077,electronic
5559,classical
1743,electronic
2145,electronic
303,rock
2392,classical
44,acoustic
2841,hip-hop
4990,rock
2206,rock
999,rock
4394,jazz
2541,electronic
1064,rock
4502,acoustic
386,rock
1521,jazz
5734,jazz
944,hip-hop
298,acoustic
1691,rock
4905,classical
4352,hip-hop
4183,rock
5662,rock
155,hip-hop
836,electronic
1794,rock
3258,rock
3588,jazz
3428,jazz
2374,classical
2154,electronic
3102,jazz
5713,hip-hop
5440,rock
3869,acoustic
4826,classical
1053,hip-hop
3310,jazz
4186,jazz
4849,rock
5981,rock
5564,classical
3281,jazz
3292,acoustic
1292,hip-hop
2085,rock
2583,acoustic
3795,acoustic
726,rock
611,classical
3425,electronic
1361,hip-hop
3622,jazz
4457,hip-hop
5345,rock
4283,jazz
2299,rock
5953,rock
1586,classical
5903,hip-hop
5109,rock
2871,jazz
1735,rock
1992,hip-hop
4872,classical
5186,rock
2738,electronic
424,rock
2243,hip-hop
3723,acoustic
3155,rock
4756,jazz
2210,jazz
4422,acoustic
677,jazz
2798,jazz
2999,jazz
1892,acoustic
5201,jazz
1224,acoustic
2714,hip-hop
4768,rock
4672,jazz
74,rock
753,acoustic
1625,classical
1187,rock
4464,rock
5257,rock
5725,classical
4497,rock
4308,rock
5844,classical
5471,rock
794,jazz
2727,acoustic
2326,classical
4119,electronic
1806,classical
5767,jazz
1660,electronic
3578,acoustic
1172,rock
1217,jazz
3972,jazz
2050,acoustic
3108,hip-hop
3230,electronic
343,acoustic
2433,hip-hop
4087,hip-hop
3631,jazz
2936,electronic
2524,electronic
385,acoustic
1643,classical
928,electronic
1572,jazz
1874,jazz
3306,acoustic
3690,jazz
3808,hip-hop
5672,rock
1852,classical
1573,rock
5681,classical
2624,hip-hop
3606,jazz
1983,classical
2544,rock
2918,acoustic
4981,hip-hop
3598,hip-hop
5051,rock
2175,rock
5178,classical
4297,rock
4200,hip-hop
5357,jazz
4977,classical
3366,electronic
5409,classical
857,acoustic
4086,rock
5146,jazz
4404,classical
2852,jazz
3484,rock
2890,rock
3250,acoustic
1741,jazz
5850,jazz
3014,hip-hop
2323,rock
4595,hip-hop
3702,hip-hop
5150,hip-hop
3635,rock
2434,hip-hop
2667,jazz
637,acoustic
1430,electronic
4267,hip-hop
4066,classical
3708,hip-hop
1015,jazz
3491,acoustic
251,rock
2740,hip-hop
722,acoustic
202,hip-hop
4748,hip-hop
3399,jazz
1970,rock
5963,jazz
2012,classical
1870,rock
1910,jazz
5175,acoustic
3857,acoustic
217,jazz
824,jazz
2057,acoustic
2156,hip-hop
5478,rock
350,rock
5453,jazz
4819,rock
4880,jazz
3514,electronic
4197,acoustic
1731,rock
729,classical
2079,classical
1937,classical
643,classical
225,electronic
3302,acoustic
1464,rock
1773,electronic
3341,jazz
3916,hip-hop
4952,acoustic
2403,electronic
5558,classical
1681,rock
4114,electronic
5063,acoustic
1054,electronic
4402,rock
2515,hip-hop
2913,electronic
1669,jazz
2218,jazz
1204,electronic
4770,rock
2222,classical
5210,electronic
4145,jazz
2420,classical
4577,hip-hop
877,rock
3374,electronic
5376,hip-hop
1663,acoustic
851,classical
5305,hip-hop
3308,acoustic
5997,jazz
5570,acoustic
5134,hip-hop
4222,classical
401,rock
5802,hip-hop
3309,acoustic
2745,jazz
3177,jazz
2365,classical
1592,rock
4072,jazz
3427,classical
1524,classical
568,jazz
3582,classical
1349,rock
902,classical
1642,hip-hop
1121,hip-hop
3032,jazz
3878,rock
505,rock
2081,hip-hop
957,acoustic
3957,jazz
1189,jazz
3373,jazz
108,classical
2266,hip-hop
299,hip-hop
5858,classical
2953,hip-hop
4784,hip-hop
1284,rock
2136,acoustic
3433,acoustic
145,jazz
2119,rock
5403,hip-hop
375,hip-hop
731,classical
5369,jazz
4167,electronic
3862,acoustic
170,rock
1529,electronic
1067,acoustic
2731,classical
3834,acoustic
4804,rock
4544,acoustic
1445,hip-hop
3831,hip-hop
4822,acoustic
4336,acoustic
3030,acoustic
3517,hip-hop
664,rock
1846,jazz
4284,classical
2327,electronic
3684,acoustic
2505,classical
5905,acoustic
5930,hip-hop
2884,classical
3583,jazz
3006,rock
3947,hip-hop
361,classical
4480,classical
3866,jazz
1195,hip-hop
5700,jazz
3923,hip-hop
607,rock
737,acoustic
2796,jazz
2382,hip-hop
1118,acoustic
2976,hip-hop
208,hip-hop
229,rock
785,hip-hop
328,jazz
3087,hip-hop
2026,jazz
5760,classical
2246,hip-hop
3319,classical
2637,hip-hop
5249,acoustic
5669,electronic
5283,hip-hop
5336,rock
725,classical
3728,electronic
4980,classical
2643,classical
5041,hip-hop
5906,rock
2820,hip-hop
4792,acoustic
955,classical
4997,electronic
2955,acoustic
4805,hip-hop
3403,hip-hop
606,jazz
1040,jazz
301,classical
5926,jazz
4142,rock
4196,rock
1458,rock
4242,jazz
2360,hip-hop
4586,classical
4733,acoustic
4820,jazz
4019,acoustic
3451,hip-hop
1266,jazz
4566,electronic
1756,hip-hop
5601,classical
4410,electronic
2612,hip-hop
1035,rock
2712,jazz
3015,acoustic
3083,electronic
2439,rock
5761,jazz
1364,hip-hop
102,rock
3344,jazz
549,rock
693,rock
114,jazz
3039,classical
640,jazz
5060,jazz
398,hip-hop
3458,classical
319,classical
1280,electronic
3915,hip-hop
2304,rock
1302,jazz
64,classical
1169,classical
1303,rock
5586,rock
1619,jazz
2570,classical
4011,hip-hop
602,rock
3788,classical
4696,hip-hop
3759,classical
3395,rock
3291,jazz
1850,classical
4800,hip-hop
468,classical
2208,electronic
4302,rock
1078,classical
5893,rock
5902,acoustic
5299,hip-hop
4061,classical
2110,jazz
2523,rock
2971,hip-hop
5895,hip-hop
1176,hip-hop
1420,rock
3934,acoustic
5923,jazz
4569,jazz
4619,jazz
5830,rock
2294,rock
195,classical
1044,classical
4721,jazz
589,hip-hop
5595,hip-hop
3486,electronic
2920,rock
4146,rock
1178,rock
3305,rock
934,classical
4960,hip-hop
3266,rock
2316,electronic
2652,hip-hop
4556,rock
4767,rock
3675,electronic
2539,classical
4558,classical
968,hip-hop
1011,acoustic
523,jazz
5560,classical
5385,acoustic
1875,rock
4177,acoustic
5465,hip-hop
3654,classical
1936,hip-hop
3568,hip-hop
5380,hip-hop
5488,hip-hop
873,jazz
5070,jazz
4326,jazz
2879,classical
3231,rock
2668,electronic
5796,hip-hop
3199,jazz
1750,rock
1629,rock
5339,hip-hop
1920,jazz
4633,rock
1423,acoustic
2702,acoustic
3950,electronic
1635,jazz
557,jazz
1898,classical
400,rock
2279,acoustic
5867,jazz
1520,rock
5710,hip-hop
3824,rock
2992,acoustic
5002,acoustic
595,rock
620,hip-hop
1141,rock
1760,acoustic
5513,hip-hop
2744,classical
5006,rock
3134,electronic
2903,jazz
5211,electronic
1732,acoustic
5942,hip-hop
5297,acoustic
5098,hip-hop
3823,hip-hop
1277,rock
4571,hip-hop
5650,rock
1708,jazz
1418,acoustic
2538,hip-hop
4033,hip-hop
935,hip-hop
1664,acoustic
2274,classical
4314,hip-hop
1562,hip-hop
5284,jazz
2978,rock
2413,hip-hop
133,jazz
1426,acoustic
5462,hip-hop
2728,jazz
2185,rock
4234,rock
684,jazz
802,hip-hop
2357,hip-hop
3269,rock
1764,hip-hop
4358,acoustic
629,rock
1959,jazz
2695,hip-hop
1092,rock
3252,classical
1526,rock
1730,hip-hop
3397,jazz
2064,electronic
2260,rock
1175,jazz
5803,hip-hop
2163,jazz
2586,hip-hop
5229,classical
876,rock
482,hip-hop
4911,rock
1037,hip-hop
4983,acoustic
488,electronic
4436,rock
5755,classical
1667,classical
4806,classical
1868,jazz
5383,classical
4413,hip-hop
3894,hip-hop
1522,hip-hop
515,hip-hop
5973,jazz
5814,hip-hop
1990,jazz
4779,rock
3220,rock
937,hip-hop
4646,jazz
3438,classical
690,electronic
1285,jazz
4618,jazz
3841,hip-hop
3816,jazz
442,acoustic
4898,rock
892,rock
138,jazz
3938,acoustic
2689,hip-hop
5821,jazz
1120,hip-hop
734,rock
5756,hip-hop
3733,acoustic
1537,hip-hop
3228,hip-hop
5151,acoustic
3384,hip-hop
4020,classical
455,rock
4356,acoustic
3889,electronic
4973,electronic
3810,electronic
2537,hip-hop
3477,rock
3478,electronic
1001,jazz
4904,jazz
3534,acoustic
3686,hip-hop
4007,rock
2723,hip-hop
2249,classical
5481,hip-hop
2736,classical
2059,acoustic
311,classical
3836,acoustic
2956,rock
3661,jazz
2914,acoustic
2143,rock
3941,rock
1496,rock
5145,rock
3803,acoustic
1957,rock
5698,acoustic
3025,hip-hop
2450,jazz
27,rock
1296,electronic
4253,electronic
2473,acoustic
1721,jazz
3833,acoustic
2410,rock
5271,acoustic
4120,hip-hop
1715,acoustic
3018,electronic
334,jazz
1063,rock
5004,hip-hop
3007,hip-hop
662,hip-hop
5176,rock
526,classical
970,hip-hop
1179,rock
4318,hip-hop
3819,hip-hop
5625,jazz
2741,hip-hop
1506,rock
4891,rock
164,rock
1368,classical
4522,electronic
357,rock
4056,hip-hop
1252,classical
3770,jazz
3035,jazz
5546,jazz
293,classical
2301,acoustic
2223,acoustic
2780,hip-hop
2797,rock
1821,hip-hop
689,classical
4054,hip-hop
4047,jazz
1137,acoustic
148,acoustic
1530,hip-hop
5272,rock
4240,hip-hop
5880,rock
2177,jazz
5117,acoustic
5141,acoustic
4130,rock
276,rock
12,hip-hop
4685,hip-hop
661,acoustic
4360,rock
5084,jazz
1565,rock
4967,electronic
61,hip-hop
2832,rock
171,classical
966,acoustic
2910,jazz
5832,hip-hop
749,hip-hop
1229,jazz
886,electronic
5032,jazz
2959,classical
2398,jazz
4448,hip-hop
3707,classical
4749,hip-hop
826,rock
2626,rock
3254,jazz
1982,hip-hop
3010,electronic
492,rock
3873,rock
4592,electronic
5081,jazz
2237,hip-hop
5412,electronic
4018,electronic
1170,electronic
2793,jazz
1155,acoustic
4244,jazz
5908,hip-hop
4589,hip-hop
4936,classical
1013,electronic
3920,acoustic
3332,jazz
5892,hip-hop
1913,classical
4048,rock
247,rock
1541,rock
5544,jazz
5695,hip-hop
5292,classical
439,acoustic
1828,electronic
4642,acoustic
304,rock
5225,rock
2139,rock
772,acoustic
4785,jazz
5281,jazz
3755,classical
4579,classical
3469,classical
4879,rock
3449,hip-hop
5442,classical
4035,rock
2297,jazz
1757,jazz
434,acoustic
5324,acoustic
2864,acoustic
5553,rock
273,jazz
5252,rock
3290,acoustic
2437,classical
4456,rock
2775,hip-hop
130,jazz
2725,hip-hop
38,rock
2534,jazz
1393,rock
5998,rock
5600,rock
2446,acoustic
3925,jazz
4382,hip-hop
85,electronic
5938,jazz
724,acoustic
1000,acoustic
3896,hip-hop
2303,rock
1620,classical
5991,rock
754,electronic
585,hip-hop
5776,jazz
2941,rock
4935,acoustic
1239,electronic
4106,rock
1677,classical
3064,acoustic
5629,hip-hop
3435,jazz
5162,jazz
5217,jazz
5034,hip-hop
2651,classical
4185,classical
332,acoustic
1797,rock
1685,classical
525,hip-hop
5928,rock
3342,classical
1356,rock
5243,jazz
3187,rock
1135,classical
2361,jazz
1800,acoustic
4901,hip-hop
5362,classical
4137,rock
416,electronic
3496,electronic
2591,rock
244,acoustic
2123,classical
5443,rock
556,acoustic
2252,acoustic
4695,classical
388,hip-hop
717,electronic
705,jazz
463,jazz
2569,rock
5822,acoustic
3949,rock
5565,jazz
471,acoustic
3559,rock
2044,hip-hop
45,hip-hop
3259,hip-hop
4892,rock
3325,rock
5317,jazz
2174,rock
5102,rock
735,jazz
1271,rock
2781,hip-hop
5798,rock
1096,rock
612,rock
2056,classical
5325,hip-hop
5262,acoustic
2817,classical
4758,electronic
5728,classical
532,classical
2940,classical
1257,jazz
4274,acoustic
233,hip-hop
1590,classical
1131,rock
2395,acoustic
3730,hip-hop
2472,rock
3637,acoustic
859,hip-hop
3771,hip-hop
3618,jazz
3326,jazz
3562,jazz
1335,electronic
619,classical
1191,rock
5047,acoustic
5915,classical
1582,acoustic
4553,jazz
3084,acoustic
5735,rock
2770,hip-hop
2653,jazz
1906,hip-hop
1481,classical
4610,rock
2499,rock
4042,rock
5310,electronic
3378,hip-hop
1371,rock
5924,jazz
3209,hip-hop
3244,classical
5747,classical
860,hip-hop
1861,jazz
3676,hip-hop
2051,rock
4622,jazz
5107,hip-hop
10,classical
222,rock
51,classical
3185,electronic
3850,electronic
1293,acoustic
3077,jazz
4903,hip-hop
5640,classical
2886,hip-hop
1578,acoustic
1340,hip-hop
2219,electronic
486,classical
633,classical
701,classical
1591,electronic
5977,classical
2477,hip-hop
1397,rock
3508,hip-hop
2564,acoustic
1696,rock
1727,electronic
3807,jazz
1168,jazz
2568,jazz
2336,hip-hop
1167,rock
2946,hip-hop
256,acoustic
308,jazz
4732,classical
2117,jazz
1887,rock
5416,classical
2321,jazz
4471,jazz
5724,rock
4220,classical
1716,classical
4759,jazz
3596,acoustic
2167,rock
5730,hip-hop
2200,rock
2426,classical
4587,acoustic
3790,jazz
1777,hip-hop
5055,rock
3773,hip-hop
4675,rock
288,rock
782,classical
3049,hip-hop
1641,hip-hop
2104,acoustic
552,classical
4501,jazz
1934,jazz
964,rock
5690,acoustic
4118,rock
3624,rock
3022,acoustic
563,jazz
4986,hip-hop
4763,acoustic
3674,acoustic
39,rock
5394,classical
5936,hip-hop
755,hip-hop
5838,rock
4814,hip-hop
5591,hip-hop
4848,hip-hop
2369,classical
2777,jazz
1840,jazz
2356,hip-hop
3642,electronic
5386,classical
1106,rock
1042,hip-hop
2815,rock
4856,rock
5969,hip-hop
4568,jazz
5621,acoustic
1519,jazz
83,acoustic
4378,rock
84,hip-hop
4957,electronic
2916,jazz
2102,hip-hop
4364,classical
2982,rock
1449,electronic
1122,jazz
1056,acoustic
1661,acoustic
5373,hip-hop
274,acoustic
4938,hip-hop
3706,hip-hop
3799,classical
4979,jazz
4111,hip-hop
2024,classical
2429,electronic
109,hip-hop
101,classical
317,classical
5888,electronic
1637,classical
2790,acoustic
3331,hip-hop
3867,hip-hop
3760,jazz
3775,hip-hop
3502,jazz
3787,hip-hop
268,acoustic
5137,electronic
1275,hip-hop
2767,hip-hop
3767,rock
5334,hip-hop
3601,hip-hop
5873,electronic
5031,classical
2417,classical
3877,jazz
5575,rock
292,hip-hop
2099,acoustic
4776,rock
5413,acoustic
553,classical
5825,classical
1134,jazz
287,rock
3758,jazz
2650,rock
129,electronic
5754,jazz
1415,hip-hop
5198,hip-hop
1046,classical
4095,acoustic
5623,hip-hop
4386,classical
5696,jazz
1437,hip-hop
5415,hip-hop
5522,acoustic
3210,jazz
1631,jazz
4040,hip-hop
1093,jazz
2875,classical
4370,acoustic
1926,electronic
4565,electronic
5398,classical
1060,classical
254,classical
1109,acoustic
1599,hip-hop
5401,hip-hop
2283,rock
1770,hip-hop
1795,hip-hop
2134,jazz
5322,electronic
4339,jazz
542,electronic
1427,classical
5057,acoustic
4096,jazz
2662,rock
3426,acoustic
5242,classical
3350,classical
4727,classical
5693,hip-hop
5108,rock
3322,classical
2493,hip-hop
3607,hip-hop
5131,classical
5228,electronic
3525,rock
121,classical
5642,classical
796,classical
2945,jazz
3511,classical
4724,hip-hop
5372,jazz
3212,rock
5904,hip-hop
3245,acoustic
5868,acoustic
2149,classical
485,jazz
3955,electronic
1051,jazz
4498,classical
2122,hip-hop
4689,rock
4453,jazz
5220,hip-hop
4005,classical
425,electronic
480,classical
5676,acoustic
3323,acoustic
3940,hip-hop
2468,acoustic
3442,rock
4736,classical
2776,rock
2995,electronic
5158,classical
4239,classical
1772,acoustic
1123,jazz
2310,acoustic
1627,hip-hop
4871,jazz
5212,hip-hop
781,electronic
2379,electronic
1617,acoustic
829,classical
1428,hip-hop
2132,rock
3652,classical
5484,acoustic
2209,rock
4851,hip-hop
1952,hip-hop
5527,hip-hop
4366,hip-hop
112,rock
740,acoustic
1791,classical
1157,jazz
1359,jazz
1912,hip-hop
1457,hip-hop
2251,acoustic
3237,rock
1358,hip-hop
2644,acoustic
3430,rock
5875,rock
4026,jazz
1928,hip-hop
5213,electronic
1610,acoustic
4866,acoustic
3667,hip-hop
4259,hip-hop
4787,jazz
3815,jazz
124,rock
147,classical
5983,rock
1185,jazz
5535,electronic
3214,electronic
5534,acoustic
3991,rock
687,rock
5588,hip-hop
284,electronic
2526,jazz
1355,rock
5918,hip-hop
2504,jazz
380,hip-hop
4547,classical
5382,acoustic
3313,rock
4296,jazz
4446,acoustic
2040,rock
4636,classical
3538,acoustic
456,hip-hop
1402,acoustic
1514,rock
678,classical
4329,hip-hop
4451,acoustic
2090,acoustic
5715,hip-hop
4876,rock
2654,hip-hop
4737,hip-hop
4328,hip-hop
1645,acoustic
3251,hip-hop
5474,electronic
4551,classical
1674,hip-hop
5037,classical
2148,electronic
360,rock
4793,jazz
5469,hip-hop
4626,rock
3031,hip-hop
4428,rock
2547,rock
976,rock
801,hip-hop
5824,rock
2791,acoustic
1493,classical
522,rock
5439,acoustic
2851,hip-hop
3746,acoustic
3763,classical
3570,hip-hop
591,hip-hop
5851,hip-hop
2010,jazz
261,classical
1338,hip-hop
881,classical
4245,jazz
5166,acoustic
4171,rock
4628,rock
4883,rock
551,rock
1646,jazz
4835,jazz
1905,rock
5285,classical
1873,electronic
1283,rock
4944,hip-hop
4869,classical
5753,hip-hop
3672,acoustic
4943,jazz
5430,jazz
3347,electronic
1964,hip-hop
5189,acoustic
5683,hip-hop
880,jazz
2087,electronic
3681,classical
4353,rock
941,classical
653,acoustic
5400,classical
1211,rock
5914,classical
665,hip-hop
2172,acoustic
4527,rock
1038,acoustic
2648,hip-hop
5495,classical
2909,rock
5774,electronic
5043,rock
2533,jazz
2322,hip-hop
1027,acoustic
5304,hip-hop
1687,hip-hop
1915,rock
4403,rock
3500,hip-hop
751,acoustic
531,acoustic
2873,hip-hop
1049,acoustic
4246,jazz
5156,jazz
3355,acoustic
4956,hip-hop
4102,hip-hop
1253,classical
5764,classical
783,hip-hop
1932,acoustic
2306,hip-hop
517,electronic
6,classical
863,acoustic
1581,hip-hop
1650,hip-hop
481,hip-hop
50,acoustic
1304,hip-hop
2896,acoustic
1074,jazz
3600,rock
3888,acoustic
2390,rock
5496,hip-hop
1212,acoustic
2228,rock
1062,jazz
4670,electronic
5463,acoustic
3257,hip-hop
5946,rock
4127,acoustic
3060,classical
951,jazz
2907,rock
383,acoustic
2293,acoustic
5954,acoustic
3068,rock
3874,acoustic
5360,classical
2191,jazz
3744,hip-hop
1668,classical
698,hip-hop
5072,electronic
805,hip-hop
1978,jazz
4859,jazz
842,rock
4254,rock
621,classical
25,acoustic
5319,rock
282,rock
4077,rock
4124,classical
4602,rock
1595,classical
4885,hip-hop
4644,classical
3485,rock
5311,rock
1808,rock
4700,rock
11,classical
3892,classical
1306,electronic
2092,classical
5246,hip-hop
1256,classical
1315,acoustic
766,classical
215,hip-hop
959,electronic
3710,rock
5023,acoustic
3381,acoustic
5370,electronic
1199,classical
3922,acoustic
3747,hip-hop
5277,rock
5071,rock
5268,electronic
5641,acoustic
1947,hip-hop
4324,hip-hop
1733,jazz
4985,classical
670,jazz
5312,rock
4890,acoustic
925,acoustic
1885,classical
5645,hip-hop
938,electronic
3120,rock
1583,jazz
4546,acoustic
5223,electronic
5056,acoustic
3548,acoustic
1588,hip-hop
3191,rock
2329,rock
3656,jazz
5835,hip-hop
3907,acoustic
953,jazz
5711,acoustic
610,hip-hop
3837,acoustic
3329,jazz
758,rock
1192,acoustic
5891,hip-hop
2483,acoustic
2215,electronic
1153,hip-hop
4780,acoustic
4257,rock
3683,rock
3019,hip-hop
2706,classical
5000,hip-hop
426,hip-hop
5318,hip-hop
1384,hip-hop
2979,acoustic
5530,hip-hop
1240,hip-hop
5694,classical
2364,jazz
2660,hip-hop
3800,electronic
3141,jazz
448,jazz
4121,hip-hop
5278,electronic
1486,rock
3783,electronic
771,electronic
3749,electronic
1508,electronic
2985,rock
4799,acoustic
5890,hip-hop
3481,rock
546,rock
667,classical
0,classical
1322,classical
4726,hip-hop
2842,acoustic
3722,classical
2176,hip-hop
2173,hip-hop
1907,jazz
788,rock
5039,hip-hop
4946,acoustic
2674,rock
1616,rock
3011,jazz
4949,rock
3567,rock
4169,jazz
2022,hip-hop
2876,acoustic
5637,rock
1748,hip-hop
4161,classical
2502,acoustic
510,jazz
4385,hip-hop
393,classical
3870,classical
1653,rock
704,acoustic
1540,acoustic
1308,classical
5273,acoustic
2679,acoustic
3234,rock
2684,electronic
5848,electronic
2375,classical
2996,acoustic
5012,classical
4159,hip-hop
4460,hip-hop
1328,hip-hop
2620,acoustic
1841,rock
5267,electronic
5894,hip-hop
773,acoustic
5014,jazz
1017,rock
5459,acoustic
5737,acoustic
2952,jazz
4514,electronic
3871,hip-hop
566,acoustic
861,acoustic
2704,rock
363,electronic
156,classical
1316,acoustic
96,classical
3615,jazz
2331,jazz
3206,acoustic
4707,rock
912,rock
5191,rock
3472,electronic
1973,rock
1593,acoustic
4659,acoustic
1246,hip-hop
5219,classical
5682,classical
624,acoustic
969,hip-hop
3785,classical
4421,hip-hop
1589,electronic
4372,jazz
5514,hip-hop
2948,jazz
2981,acoustic
4815,rock
4420,hip-hop
3176,hip-hop
4076,hip-hop
408,jazz
3441,hip-hop
2101,rock
4192,acoustic
4634,hip-hop
3179,hip-hop
649,jazz
5042,classical
4131,hip-hop
4363,rock
278,rock
2938,rock
3454,classical
5521,acoustic
719,jazz
1854,hip-hop
4168,acoustic
2226,jazz
2828,acoustic
4722,jazz
4401,rock
437,rock
1768,rock
2604,jazz
5783,acoustic
812,electronic
971,rock
1987,acoustic
2865,hip-hop
5049,hip-hop
1231,rock
2220,electronic
1872,hip-hop
378,hip-hop
478,classical
1163,rock
4734,hip-hop
4489,classical
1523,acoustic
3910,electronic
3930,rock
269,rock
2882,rock
569,acoustic
67,hip-hop
2629,rock
1,hip-hop
3963,rock
4160,electronic
4483,hip-hop
2672,acoustic
4832,rock
1896,jazz
2242,rock
2951,electronic
5845,electronic
4834,rock
5506,hip-hop
3978,jazz
5740,rock
3891,hip-hop
432,electronic
3148,classical
5990,jazz
3985,acoustic
33,classical
5020,jazz
5685,acoustic
583,hip-hop
960,electronic
1997,electronic
810,hip-hop
3,hip-hop
157,acoustic
1879,hip-hop
2805,acoustic
1245,hip-hop
2008,rock
2347,classical
580,hip-hop
5458,electronic
307,electronic
2447,acoustic
562,acoustic
2135,hip-hop
3832,electronic
4893,hip-hop
5437,jazz
1682,hip-hop
1055,acoustic
2639,classical
5587,electronic
1909,jazz
3393,jazz
2409,rock
3188,rock
1036,hip-hop
5114,acoustic
3917,acoustic
4837,hip-hop
4215,classical
2993,classical
3737,rock
4720,jazz
1889,rock
3042,hip-hop
4645,acoustic
5787,classical
4062,jazz
581,acoustic
4419,jazz
2967,jazz
3452,electronic
3440,hip-hop
2701,hip-hop
2494,hip-hop
1935,acoustic
3154,jazz
2066,jazz
73,electronic
2810,jazz
5667,rock
399,jazz
909,jazz
1190,electronic
3586,acoustic
2161,hip-hop
1917,hip-hop
3073,electronic
1234,classical
3705,rock
4509,acoustic
4584,jazz
5876,classical
213,rock
3169,classical
4818,rock
3741,classical
577,rock
2872,classical
4237,acoustic
2340,electronic
4576,classical
1919,classical
4338,jazz
5241,classical
4384,jazz
3959,rock
547,acoustic
3293,classical
5448,jazz
1330,hip-hop
63,jazz
4961,jazz
3944,jazz
5909,hip-hop
5840,hip-hop
2863,classical
3625,electronic
3577,hip-hop
3648,hip-hop
3483,rock
848,rock
1765,classical
1443,hip-hop
3497,hip-hop
2203,hip-hop
947,rock
559,jazz
3413,acoustic
4554,electronic
4954,classical
3599,rock
5795,acoustic
1251,acoustic
2762,jazz
5046,classical
2503,rock
5103,electronic
4612,hip-hop
3111,rock
4387,hip-hop
1836,hip-hop
4417,classical
1835,rock
3156,hip-hop
1454,hip-hop
3394,classical
